what,x,y,z
v,-0.138853,-0.41768,-0.395002
v,-0.142264,-0.416981,-0.399803
v,-0.14227,-0.418232,-0.396092
v,-0.111071,-0.107449,-0.422238
v,-0.111465,-0.109451,-0.424235
v,-0.113044,-0.108186,-0.423756
v,-0.146812,-0.247817,-0.46625
v,-0.1445,-0.245229,-0.465736
v,-0.142805,-0.25137,-0.462232